{"cameraMode":{"drawMode":0,"name":"Shaded","section":"Shading Mode"},"sceneLighting":true,"audioPlay":false,"sceneViewState":{"showFog":true,"showMaterialUpdate":false,"showSkybox":true,"showFlares":true,"showImageEffects":true,"showParticleSystems":true},"in2DMode":false,"pivot":{"x":222.2397918701172,"y":109.8492431640625,"z":-25.2984619140625},"rotation":{"x":-0.07397571951150894,"y":0.8916154503822327,"z":-0.4179149866104126,"w":-0.1578291952610016},"size":932.3683471679688,"orthographic":false}